hilos,repeticion,votos,tiempo_ms,speedup,eficiencia
1,0,300000,487.22,1.000,1.000
1,1,300000,484.96,1.005,1.005
1,2,300000,497.04,0.980,0.980
2,0,300000,425.44,1.145,0.573
2,1,300000,414.23,1.176,0.588
2,2,300000,394.85,1.234,0.617
4,0,300000,414.65,1.175,0.294
4,1,300000,404.52,1.204,0.301
4,2,300000,382.35,1.274,0.319
8,0,300000,382.75,1.273,0.159
8,1,300000,392.86,1.240,0.155
8,2,300000,425.59,1.145,0.143
12,0,300000,382.63,1.273,0.106
12,1,300000,315.65,1.544,0.129
12,2,300000,320.22,1.522,0.127
